Javascript,bootstrap,Atualização de links
Javascript,bootstrap,Atualização de links
Javascript,bootstrap,Atualização de links
Javascript,bootstrap,Atualização de links
Javascript,bootstrap,Atualização de links
Javascript,react,Atualização de links
Javascript,react,Alteração de exemplo de código
Javascript,react,Atualização de links
Javascript,react,Inserção de nova informação
Javascript,react,Alteração de posição
Javascript,vue,Alteração na estrutura do código
Javascript,vue,Alteração na estrutura do código
Javascript,vue,Alteração na estrutura do código
Javascript,vue,Alteração na estrutura do código
Javascript,vue,Alteração na estrutura do código
Javascript,axios,Atualização de links
Javascript,axios,Remoção de link
Javascript,axios,Inserção de nova informação
Javascript,axios,Adição de link
Javascript,axios,Correção ortográfica/gramatical
Javascript,create-react-app,Inserção de nova informação
Javascript,create-react-app,Atualização de links
Javascript,create-react-app,Correção ortográfica/gramatical
Javascript,create-react-app,Alteração de texto
Javascript,create-react-app,Atualização de links
Javascript,d3,Atualização de links
Javascript,d3,Atualização de links
Javascript,d3,Atualização de links
Javascript,d3,Inserção de nova informação
Javascript,d3,Correção ortográfica/gramatical
Javascript,node,Alteração de posição
Javascript,node,Alteração de posição
Javascript,node,Inserção de nova informação
Javascript,node,Atualização de links
Javascript,node,Inserção de nova informação
Javascript,react-native,Correção ortográfica/gramatical
Javascript,react-native,Atualização de links
Javascript,react-native,Atualização de links
Javascript,react-native,Inserção de nova informação
Javascript,react-native,Atualização de links
Javascript,angular.js,Atualização de informação
Javascript,angular.js,Atualização de links
Javascript,angular.js,Inserção de nova informação
Javascript,angular.js,Remoção de informação
Javascript,angular.js,Correção ortográfica/gramatical
Javascript,font-awesome,Inserção de nova informação
Javascript,font-awesome,Correção ortográfica/gramatical
Javascript,font-awesome,Adição de link
Javascript,font-awesome,Inserção de nova informação
Javascript,font-awesome,Inserção de nova informação
Python,django,Inserção de nova informação
Python,django,Remoção de link
Python,django,Adição de link
Python,django,Atualização de links
Python,django,Formatação
Python,flask,Atualização de links
Python,flask,Atualização de links
Python,flask,Atualização de links
Python,flask,Alteração de exemplo de código
Python,flask,Alteração de exemplo de código
Python,keras,Alteração de texto
Python,keras,Inserção de nova informação
Python,keras,Inserção de nova informação
Python,keras,Correção ortográfica/gramatical
Python,keras,Correção ortográfica/gramatical
Python,thefuck,Inserção de nova informação
Python,thefuck,Correção ortográfica/gramatical
Python,thefuck,Inserção de nova informação
Python,thefuck,Atualização de links
Python,thefuck,Inserção de nova informação
Python,youtube-dl,Atualização de links
Python,youtube-dl,Inserção de nova informação
Python,youtube-dl,Correção ortográfica/gramatical
Python,youtube-dl,Formatação
Python,youtube-dl,Atualização de links
Python,ansible,Atualização de informação
Python,ansible,Atualização de informação
Python,ansible,Atualização de informação
Python,ansible,Correção ortográfica/gramatical
Python,ansible,Remoção de informação
Python,httpie,Atualização de links
Python,httpie,Atualização de links
Python,httpie,Alteração de texto
Python,httpie,Atualização de links
Python,httpie,Alteração de texto
Python,requests,Atualização de links
Python,requests,Atualização de links
Python,requests,Formatação
Python,requests,Atualização de links
Python,requests,Atualização de links
Python,scikit-learn,Formatação
Python,scikit-learn,Formatação
Python,scikit-learn,Atualização de links
Python,scikit-learn,Alteração de texto
Python,scikit-learn,Remoção de informação
Python,scrapy,Alteração de texto
Python,scrapy,Correção ortográfica/gramatical
Python,scrapy,Atualização de informação
Python,scrapy,Alteração de texto
Python,scrapy,Atualização de informação
Java,dubbo,Atualização de informação
Java,dubbo,Alteração de texto
Java,dubbo,Alteração de exemplo de código
Java,dubbo,Correção ortográfica/gramatical
Java,dubbo,Atualização de informação
Java,elasticsearch,Remoção de informação
Java,elasticsearch,Alteração de exemplo de código
Java,elasticsearch,Atualização de informação
Java,elasticsearch,Atualização de links
Java,elasticsearch,Alteração de texto
Java,glide,Atualização de versionamento
Java,glide,Atualização de versionamento
Java,glide,Atualização de versionamento
Java,glide,Atualização de versionamento
Java,glide,Atualização de versionamento
Java,guava,Correção ortográfica/gramatical
Java,guava,Inserção de nova informação
Java,guava,Atualização de versionamento
Java,guava,Atualização de versionamento
Java,guava,Inserção de nova informação
Java,MPAndroidChart,Atualização de links
Java,MPAndroidChart,Atualização de links
Java,MPAndroidChart,Atualização de links
Java,MPAndroidChart,Atualização de informação
Java,MPAndroidChart,Inserção de nova informação
Java,okhttp,Inserção de nova informação
Java,okhttp,Alteração de texto
Java,okhttp,Remoção de informação
Java,okhttp,Correção ortográfica/gramatical
Java,okhttp,Atualização de versionamento
Java,retrofit,Atualização de versionamento
Java,retrofit,Atualização de versionamento
Java,retrofit,Atualização de versionamento
Java,retrofit,Atualização de versionamento
Java,retrofit,Atualização de versionamento
Java,RxjAVA,Correção ortográfica/gramatical
Java,RxjAVA,Atualização de informação
Java,RxjAVA,Correção ortográfica/gramatical
Java,RxjAVA,Alteração de exemplo de código
Java,RxjAVA,Alteração de exemplo de código
Java,spring-boot,Atualização de versionamento
Java,spring-boot,Atualização de versionamento
Java,spring-boot,Atualização de versionamento
Java,spring-boot,Remoção de informação
Java,spring-boot,Remoção de informação
Java,spring-framework,Correção ortográfica/gramatical
Java,spring-framework,Atualização de links
Java,spring-framework,Atualização de links
Java,spring-framework,Atualização de links
Java,spring-framework,Alteração de texto
GO,etcd,Atualização de links
GO,etcd,Formatação
GO,etcd,Inserção de nova informação
GO,etcd,Atualização de versionamento
GO,etcd,Inserção de nova informação
GO,frp,Formatação
GO,frp,Correção ortográfica/gramatical
GO,frp,Correção ortográfica/gramatical
GO,frp,Correção ortográfica/gramatical
GO,frp,Inserção de nova informação
GO,gin,Remoção de informação
GO,gin,Correção ortográfica/gramatical
GO,gin,Atualização de versionamento
GO,gin,Alteração de exemplo de código
GO,gin,Correção ortográfica/gramatical
GO,go,Atualização de links
GO,go,Alteração de texto
GO,go,Remoção de informação
GO,go,Remoção de informação
GO,go,Remoção de informação
GO,gogs,Remoção de informação
GO,gogs,Alteração de texto
GO,gogs,Atualização de links
GO,gogs,Atualização de links
GO,gogs,Atualização de informação
GO,hugo,Correção ortográfica/gramatical
GO,hugo,Alteração de posição
GO,hugo,Atualização de links
GO,hugo,Atualização de links
GO,hugo,Remoção de informação
GO,kubernetes,Inserção de nova informação
GO,kubernetes,Correção ortográfica/gramatical
GO,kubernetes,Alteração de exemplo de código
GO,kubernetes,Correção ortográfica/gramatical
GO,kubernetes,Alteração de exemplo de código
GO,moby,Alteração de texto
GO,moby,Atualização de informação
GO,moby,Adição de link
GO,moby,Inserção de nova informação
GO,moby,Atualização de informação
GO,prometheus,Atualização de informação
GO,prometheus,Remoção de link
GO,prometheus,Inserção de nova informação
GO,prometheus,Inserção de nova informação
GO,prometheus,Inserção de nova informação
GO,syncthing,Formatação
GO,syncthing,Adição de link
GO,syncthing,Remoção de link
GO,syncthing,Atualização de informação
GO,syncthing,Alteração de exemplo de código
CPP,bitcoin,Correção ortográfica/gramatical
CPP,bitcoin,Remoção de link
CPP,bitcoin,Atualização de links
CPP,bitcoin,Inserção de nova informação
CPP,bitcoin,Atualização de links
CPP,electron,Correção ortográfica/gramatical
CPP,electron,Remoção de informação
CPP,electron,Inserção de nova informação
CPP,electron,Inserção de nova informação
CPP,electron,Adição de link
CPP,swift,Correção ortográfica/gramatical
CPP,swift,Alteração de exemplo de código
CPP,swift,Formatação
CPP,swift,Atualização de versionamento
CPP,swift,Remoção de informação
CPP,tensorflow,Atualização de links
CPP,tensorflow,Correção ortográfica/gramatical
CPP,tensorflow,Correção ortográfica/gramatical
CPP,tensorflow,Correção ortográfica/gramatical
CPP,tensorflow,Atualização de links
CPP,terminal,Adição de link
CPP,terminal,Correção ortográfica/gramatical
CPP,terminal,Alteração de texto
CPP,terminal,Alteração de texto
CPP,terminal,Correção ortográfica/gramatical
CPP,nw.js,Atualização de versionamento
CPP,nw.js,Atualização de versionamento
CPP,nw.js,Atualização de versionamento
CPP,nw.js,Atualização de versionamento
CPP,nw.js,Atualização de versionamento
CPP,opencv,Atualização de links
CPP,opencv,Alteração de texto
CPP,opencv,Atualização de links
CPP,opencv,Remoção de link
CPP,opencv,Atualização de links
CPP,protobuf,Atualização de informação
CPP,protobuf,Atualização de informação
CPP,protobuf,Atualização de informação
CPP,protobuf,Atualização de informação
CPP,protobuf,Adição de link
CPP,pytorch,Inserção de nova informação
CPP,pytorch,Atualização de informação
CPP,pytorch,Correção ortográfica/gramatical
CPP,pytorch,Atualização de links
CPP,pytorch,Correção ortográfica/gramatical
CPP,x64dbg,Correção ortográfica/gramatical
CPP,x64dbg,Remoção de informação
CPP,x64dbg,Atualização de informação
CPP,x64dbg,Remoção de link
CPP,x64dbg,Atualização de informação